timestamp,fm_step_id,fm_step_name,rss,max_rss,free,oom_score
2024-10-16T09:44:21.083781,0,TEMPLATE_RENDER,5378048,5378048,5897326592,666
2024-10-16T09:44:21.451053,1,FLOW,638976,638976,5897269248,666
2024-10-16T09:44:26.533739,1,FLOW,154972160,154972160,5856698368,673
2024-10-16T09:44:31.685865,1,FLOW,156160000,156160000,5855432704,673
2024-10-16T09:44:36.822159,1,FLOW,155955200,156160000,5854629888,673
2024-10-16T09:44:41.977452,1,FLOW,156971008,156971008,5853130752,673
2024-10-16T09:44:47.117079,1,FLOW,155963392,156971008,5852282880,673
2024-10-16T09:44:52.214158,1,FLOW,156065792,156971008,5850955776,673
2024-10-16T09:44:57.713688,1,FLOW,156065792,156971008,5849178112,673
2024-10-16T09:45:04.925365,1,FLOW,156246016,156971008,5848174592,673
2024-10-16T09:45:10.833615,1,FLOW,156786688,156971008,5847334912,673
2024-10-16T09:45:17.155134,1,FLOW,156135424,156971008,5846925312,673
2024-10-16T09:45:24.525344,1,FLOW,156950528,156971008,5848879104,673
2024-10-16T09:45:29.977900,1,FLOW,156999680,156999680,5850193920,673
2024-10-16T09:45:35.121668,1,FLOW,156356608,156999680,5834346496,673
2024-10-16T09:45:40.294220,1,FLOW,157388800,157388800,5838307328,673
2024-10-16T09:45:45.408422,1,FLOW,157388800,157388800,5832249344,673
2024-10-16T09:45:50.525303,1,FLOW,157388800,157388800,5834231808,673
2024-10-16T09:45:55.635471,1,FLOW,157388800,157388800,5839835136,673
2024-10-16T09:46:00.766210,1,FLOW,157659136,157659136,5840846848,673
2024-10-16T09:46:05.891646,1,FLOW,157659136,157659136,5842903040,673
2024-10-16T09:46:12.243102,1,FLOW,157659136,157659136,5841211392,673
2024-10-16T09:46:17.810580,1,FLOW,157929472,157929472,5839970304,673
2024-10-16T09:46:25.106786,1,FLOW,158470144,158470144,5838163968,673
2024-10-16T09:46:31.681805,1,FLOW,158470144,158470144,5843865600,673
2024-10-16T09:46:36.837430,1,FLOW,158470144,158470144,5844865024,673
2024-10-16T09:46:41.932345,1,FLOW,158470144,158470144,5844709376,673
2024-10-16T09:46:47.066858,1,FLOW,158470144,158470144,5842980864,673
2024-10-16T09:46:52.178394,1,FLOW,158740480,158740480,5842219008,673
2024-10-16T09:46:57.278633,1,FLOW,158740480,158740480,5841010688,673
2024-10-16T09:47:02.383392,1,FLOW,158740480,158740480,5840019456,673
2024-10-16T09:47:07.473501,1,FLOW,158740480,158740480,5839224832,673
2024-10-16T09:47:12.585244,1,FLOW,158740480,158740480,5838835712,673
2024-10-16T09:47:17.670481,1,FLOW,158740480,158740480,5837574144,673
2024-10-16T09:47:22.756321,1,FLOW,158740480,158740480,5836640256,673
2024-10-16T09:47:27.849916,1,FLOW,158740480,158740480,5840433152,673
2024-10-16T09:47:32.957768,1,FLOW,158740480,158740480,5842522112,673
2024-10-16T09:47:38.062962,1,FLOW,158740480,158740480,5840596992,673
2024-10-16T09:47:43.206250,1,FLOW,159281152,159281152,5839405056,673
2024-10-16T09:47:48.343274,1,FLOW,159281152,159281152,5839568896,673
2024-10-16T09:47:53.475516,1,FLOW,159281152,159281152,5836750848,673
2024-10-16T09:47:58.560732,1,FLOW,158830592,159281152,5836763136,673
2024-10-16T09:48:03.681173,1,FLOW,159371264,159371264,5842702336,673
2024-10-16T09:48:08.786210,1,FLOW,158830592,159371264,5889593344,673
2024-10-16T09:48:13.896018,1,FLOW,158683136,159371264,5894606848,673
2024-10-16T09:48:18.991322,1,FLOW,158973952,159371264,5899325440,673
2024-10-16T09:48:24.023102,1,FLOW,158703616,159371264,6032732160,673
